{"cameraMode":{"drawMode":0,"name":"Shaded","section":"Shading Mode"},"sceneLighting":true,"audioPlay":false,"sceneViewState":{"showFog":false,"showMaterialUpdate":false,"showSkybox":false,"showFlares":false,"showImageEffects":false,"showParticleSystems":false},"in2DMode":false,"pivot":{"x":-3.2595646381378176,"y":3.2280311584472658,"z":-0.05219745635986328},"rotation":{"x":0.0018596345325931907,"y":-0.9595568776130676,"z":0.28144922852516177,"w":0.006338833831250668},"size":10.265048027038575,"orthographic":false}