{"cameraMode":{"drawMode":0,"name":"Shaded","section":"Shading Mode"},"sceneLighting":true,"audioPlay":false,"sceneViewState":{"showFog":false,"showMaterialUpdate":false,"showSkybox":false,"showFlares":false,"showImageEffects":false,"showParticleSystems":false},"in2DMode":false,"pivot":{"x":1.2243680953979493,"y":0.1890578269958496,"z":0.29799795150756838},"rotation":{"x":0.4064156115055084,"y":-0.032598793506622317,"z":0.014510787092149258,"w":0.912994921207428},"size":5.797963619232178,"orthographic":false}